<?xml version="1.0" standalone="yes"?><NewDataSet>  <xs:schema id="NewDataSet" xmlns="" xmlns:xs="http://www.w3.org/2001/XMLSchema" xmlns:msdata="urn:schemas-microsoft-com:xml-msdata">    <xs:element name="NewDataSet" msdata:IsDataSet="true" msdata:UseCurrentLocale="true">      <xs:complexType>        <xs:choice minOccurs="0" maxOccurs="unbounded">          <xs:element name="MyRef">            <xs:complexType>              <xs:sequence>                <xs:element name="Type" type="xs:string" minOccurs="0" />                <xs:element name="Author" type="xs:string" minOccurs="0" />                <xs:element name="Title" type="xs:string" minOccurs="0" />                <xs:element name="Publisher" type="xs:string" minOccurs="0" />                <xs:element name="Volume" type="xs:string" minOccurs="0" />                <xs:element name="Number" type="xs:string" minOccurs="0" />                <xs:element name="Page" type="xs:string" minOccurs="0" />                <xs:element name="Date" type="xs:string" minOccurs="0" />                <xs:element name="Location" type="xs:string" minOccurs="0" />                <xs:element name="Note" type="xs:string" minOccurs="0" />              </xs:sequence>            </xs:complexType>          </xs:element>        </xs:choice>      </xs:complexType>    </xs:element>  </xs:schema></NewDataSet>