<?xml version="1.0" standalone="yes"?>
<NewDataSet>
  <xs:schema id="NewDataSet" xmlns="" xmlns:xs="http://www.w3.org/2001/XMLSchema" xmlns:msdata="urn:schemas-microsoft-com:xml-msdata">
    <xs:element name="NewDataSet" msdata:IsDataSet="true" msdata:UseCurrentLocale="true">
      <xs:complexType>
        <xs:choice minOccurs="0" maxOccurs="unbounded">
          <xs:element name="MyRef">
            <xs:complexType>
              <xs:sequence>
                <xs:element name="Type" type="xs:string" minOccurs="0" />
                <xs:element name="Author" type="xs:string" minOccurs="0" />
                <xs:element name="Title" type="xs:string" minOccurs="0" />
                <xs:element name="Publisher" type="xs:string" minOccurs="0" />
                <xs:element name="Volume" type="xs:string" minOccurs="0" />
                <xs:element name="Number" type="xs:string" minOccurs="0" />
                <xs:element name="Page" type="xs:string" minOccurs="0" />
                <xs:element name="Date" type="xs:string" minOccurs="0" />
                <xs:element name="Location" type="xs:string" minOccurs="0" />
                <xs:element name="Note" type="xs:string" minOccurs="0" />
              </xs:sequence>
            </xs:complexType>
          </xs:element>
        </xs:choice>
      </xs:complexType>
    </xs:element>
  </xs:schema>
  <MyRef>
    <Type>Website</Type>
    <Author>M. Denny</Author>
    <Title>Ontology Tools Survey, Revisited</Title>
    <Publisher>http://www.xml.com/pub/a/2004/07/14/onto.html</Publisher>
    <Date>2004</Date>
  </MyRef>
  <MyRef>
    <Type>Journal</Type>
    <Author>P. Hendriks</Author>
    <Title>Why Share Knowledge? The Influence of ICT on the Motivation for Knowledge Sharing</Title>
    <Publisher>Journal of Knowledge and Process Management</Publisher>
    <Volume>6</Volume>
    <Number>2</Number>
    <Page>91-100</Page>
    <Date>1999</Date>
  </MyRef>
  <MyRef>
    <Type>Journal</Type>
    <Author>P.R. Bowden, P. Halstead, T.G. Rose</Author>
    <Title>Extracting Conceptual Knowledge from Text Using Explicit Relation Markers</Title>
    <Publisher>Advances in Knowledge Acquisition, Lecture Notes In Artificial Intelligence</Publisher>
    <Volume>1076</Volume>
    <Page>147-162</Page>
    <Date>1996</Date>
  </MyRef>
  <MyRef>
    <Type>Conference</Type>
    <Author>Y.M. Wang, V. Johanna, P. Haase</Author>
    <Title>Towards semi-automatic ontology building supported by large-scale knowledge acquisition</Title>
    <Publisher>AAAI Fall Symposium On Semantic Web for Collaborative Knowledge Acquisition</Publisher>
    <Volume>FS-06-06</Volume>
    <Page>70-77</Page>
    <Date>2006</Date>
  </MyRef>
  <MyRef>
    <Type>Website</Type>
    <Author>C. Yee</Author>
    <Title>Introduction to 300 Tang Poems</Title>
    <Publisher>http://www.chinapage.com/poem/300poem/introduction.html</Publisher>
    <Date>1999</Date>
    <Location>The University of Iowa</Location>
  </MyRef>
  <MyRef>
    <Type>Conference</Type>
    <Author>A.C. Fang, F.J. Lo, C. Chinn</Author>
    <Title>A Computational Framework for Syntax-Driven Structured Analysis of Imageries in Tang and Song Poems</Title>
    <Publisher>the 4th China International Symposium on Tang and Song Poetry</Publisher>
    <Page>289-300</Page>
    <Date>2009</Date>
    <Location>Hangzhou, China</Location>
  </MyRef>
  <MyRef>
    <Type>Journal</Type>
    <Author>V. Uren, P. Cimiano, J. Iria, S. Handschuh, M. Vargas-Vera, E. Motta, F. Ciravegna</Author>
    <Title>Semantic annotation for knowledge management: Requirements and a survey of the state of the art</Title>
    <Publisher>Web Semantics: Science, Services and Agents on the World Wide Web</Publisher>
    <Volume>4</Volume>
    <Number>1</Number>
    <Page>14-28</Page>
    <Date>2006</Date>
  </MyRef>
  <MyRef>
    <Type>Website</Type>
    <Author>R. Swick, E. Prud'hommeaux, M.-R. Koivunen, J. Kahan</Author>
    <Title>Annotea Protocols</Title>
    <Publisher>http://www.w3.org/2001/Annotea/User/Protocol/</Publisher>
    <Date>2012</Date>
  </MyRef>
  <MyRef>
    <Type>Website</Type>
    <Author>D.L. McGuinness, F. van Harmelen</Author>
    <Title>OWL Web Ontology Language Overview</Title>
    <Publisher>http://www.w3.org/TR/owl-features/</Publisher>
    <Date>2012</Date>
  </MyRef>
  <MyRef>
    <Type>Conference</Type>
    <Author>Y.M. Wang, V. Johanna, P. Haase</Author>
    <Title>Towards Semi-automatic Ontology Building Supported by Large-scale Knowledge Acquisition</Title>
    <Publisher>AAAI Fall Symposium On Semantic Web for Collaborative Knowledge Acquisition, Vol</Publisher>
    <Volume>FS-06-06</Volume>
    <Page>70-77</Page>
    <Date>2006</Date>
  </MyRef>
  <MyRef>
    <Type>Journal</Type>
    <Author>K. Tanaka, A. Jatowt</Author>
    <Title>Automatic Knowledge Acquisition from Historical Document Archives: Historiographical Perspective</Title>
    <Publisher>LNCS</Publisher>
    <Volume>6259</Volume>
    <Page>161-172</Page>
    <Date>2010</Date>
  </MyRef>
  <MyRef>
    <Type>Journal</Type>
    <Author>H. Deng, J. Han</Author>
    <Title>Uncertainty Reduction for Knowledge Discovery and Information Extraction on the World Wide Web</Title>
    <Publisher>Proceedings of the IEEE</Publisher>
    <Volume>100</Volume>
    <Number>9</Number>
    <Page>2658-2674</Page>
    <Date>2012</Date>
  </MyRef>
  <MyRef>
    <Type>Journal</Type>
    <Author>E.G. Carayannis</Author>
    <Title>Knowledge Arbitrage, Serendipity, and Acquisition Formality: Their Effects on Sustainable Entrepreneurial Activity in Regions</Title>
    <Publisher>IEEE Transactions on Engineering Management</Publisher>
    <Volume>58</Volume>
    <Number>3</Number>
    <Page>564-577</Page>
    <Date>2012</Date>
  </MyRef>
  <MyRef>
    <Type>Journal</Type>
    <Author>J. Fan, A. Kalyanpur, D.C. Gondek, D.A. Ferrucci</Author>
    <Title>Automatic Knowledge Extraction From Documents</Title>
    <Publisher>IBM Journal of Research and Development</Publisher>
    <Volume>56</Volume>
    <Number>3</Number>
    <Page>1-10</Page>
    <Date>2012</Date>
  </MyRef>
  <MyRef>
    <Type>Journal</Type>
    <Author>B. Ofoghi, J.Yearwood, L.P. Ma</Author>
    <Title>The Impact of Frame Semantic Annotation Levels, Frame-Alignment Techniques, and Fusion Methods on Factoid Answer Processing</Title>
    <Publisher>Journal of the American Society for Information Science and Technology</Publisher>
    <Volume>60</Volume>
    <Number>2</Number>
    <Page>247-263</Page>
    <Date>2009</Date>
  </MyRef>
  <MyRef>
    <Type>Journal</Type>
    <Author>E.Y. Berdnikovich, E.S. Lebedeva, V.G. Nikitaev, K.S. Chistov</Author>
    <Title>Construction of a knowledge base for interactive recognition in systems for computer microscopy</Title>
    <Publisher>Measurement Techniques</Publisher>
    <Volume>55</Volume>
    <Number>10</Number>
    <Page>1219-1223</Page>
    <Date>2013</Date>
  </MyRef>
  <MyRef>
    <Type>Journal</Type>
    <Author>J.S. Huang, C. Townsend, D. Dou, H. Liu, M. Tan</Author>
    <Title>OMIT: A Domain-Specific Knowledge Base for MicroRNA Target Prediction</Title>
    <Publisher>Pharmaceutical Research</Publisher>
    <Volume>28</Volume>
    <Number>12</Number>
    <Page>3101-3104</Page>
    <Date>2011</Date>
  </MyRef>
  <MyRef>
    <Type>Journal</Type>
    <Author>M. Erdmann, A. Maedche, H.-P. Schnurr, S. Staab</Author>
    <Title>From Manual to Semi-automatic Semantic Annotation: About Ontology-based Text Annotation Tools</Title>
    <Publisher>Computer and Information Science</Publisher>
    <Volume>6</Volume>
    <Number>2</Number>
    <Date>2001</Date>
  </MyRef>
  <MyRef>
    <Type>Journal</Type>
    <Author>S. Dill, N. Eiron, D. Gibson, D. Gruhl, R. Guha, A. Jhingran, T. Kanungo, K.S. McCurley, S. Rajagopalan, A. Tomkins, J. A. Tomlin, J. Y. Zien</Author>
    <Title>A case for automated large-scale semantic annotation</Title>
    <Publisher>Journal of Web Semantics</Publisher>
    <Volume>1</Volume>
    <Page>115-132</Page>
    <Date>2003</Date>
  </MyRef>
  <MyRef>
    <Type>Journal</Type>
    <Author>M. LaclavIk, M. Seleng, M. Ciglan, L. Hluch</Author>
    <Title>Ontea: Platform for Pattern Based Automated Semantic Annotation</Title>
    <Publisher>Computing and Informatics</Publisher>
    <Volume>28</Volume>
    <Page>1000-1024</Page>
    <Date>2009</Date>
  </MyRef>
  <MyRef>
    <Type>Conference</Type>
    <Author>F. Azouaou, W.Q. Chen, C. Desmoulins</Author>
    <Title>Semantic Annotation Tools for Learning Material</Title>
    <Publisher>the SW-EL</Publisher>
    <Date>2004</Date>
  </MyRef>
  <MyRef>
    <Type>Journal</Type>
    <Author>N. Kiyavitskaya, N. Zeni, J.R. Cordy, L. Mich, J. Mylopoulos</Author>
    <Title>Cerno: Light-weight tool support for semantic annotation of textual documents</Title>
    <Publisher>Data &amp; Knowledge Engineering</Publisher>
    <Volume>68</Volume>
    <Page>1470-1492</Page>
    <Date>2009</Date>
  </MyRef>
  <MyRef>
    <Type>Conference</Type>
    <Author>L. Reeve, H. Han</Author>
    <Title>Survey of Semantic Annotation Platforms</Title>
    <Publisher>the 2005 ACM symposium on Applied computing</Publisher>
    <Date>2005</Date>
    <Location>New York, USA</Location>
  </MyRef>
  <MyRef>
    <Type>Conference</Type>
    <Author>D. Maynard</Author>
    <Title>Benchmarking ontology-based annotation tools for the semantic web</Title>
    <Publisher>In AHM2005 Workshop "Text Mining, e-Research and Grid-enabled Language Technology"</Publisher>
    <Date>2005</Date>
    <Location>Nottingham, UK</Location>
  </MyRef>
  <MyRef>
    <Type>Conference</Type>
    <Author>S. Staab, A. Maedche, S. Handschuh</Author>
    <Title>An annotation framework for the semantic web</Title>
    <Publisher>the First Workshop on Multimedia Annotation</Publisher>
    <Date>2001</Date>
    <Location>Tokyo, Japan</Location>
  </MyRef>
  <MyRef>
    <Type>Conference</Type>
    <Author>J. Kahan, M. Koivunen, E. Prud'Hommeaux, R. Swick</Author>
    <Title>Annotea: An Open RDF Infrastructure for Shared Web Annotations</Title>
    <Publisher>the WWW</Publisher>
    <Date>2001</Date>
    <Location>Hong Kong</Location>
  </MyRef>
  <MyRef>
    <Type>Conference</Type>
    <Author>D. Maynard</Author>
    <Title>Benchmarking ontology-based annotation tools for the semantic web</Title>
    <Publisher>6th LREC</Publisher>
    <Date>2008</Date>
    <Location>Marrakechm Morocco</Location>
  </MyRef>
  <MyRef>
    <Type>Conference</Type>
    <Author>C. Orasan</Author>
    <Title>PALinkA: a highly customizable tool for discourse annotation</Title>
    <Publisher>the 4th SIGdial Workshop on Discourse and Dialog</Publisher>
    <Page>39-43</Page>
    <Date>2003</Date>
    <Location>Sapporo, Japan</Location>
  </MyRef>
  <MyRef>
    <Type>Conference</Type>
    <Author>G. Giannopoulos, N. Bikakis, T. Dalamagas, T.K. Sellis</Author>
    <Title>GoNTogle: A Tool for Semantic Annotation and Search</Title>
    <Publisher>ESWC (2)</Publisher>
    <Page>376-380</Page>
    <Date>2010</Date>
  </MyRef>
  <MyRef>
    <Type>Conference</Type>
    <Author>M. Verhagen</Author>
    <Title>The Brandeis Annotation Tool</Title>
    <Publisher>LREC</Publisher>
    <Date>2010</Date>
  </MyRef>
  <MyRef>
    <Type>Journal</Type>
    <Author>F. Rahman, J. Siddiqi</Author>
    <Title>Semantic annotation of digital music</Title>
    <Publisher>Journal of Computer and System Sciences</Publisher>
    <Volume>78</Volume>
    <Number>4</Number>
    <Page>1219-1231 </Page>
    <Date>2012</Date>
  </MyRef>
  <MyRef>
    <Type>Journal</Type>
    <Author>L. Gao, H. A. Campbell, O.R. Bidder, J. Hunter</Author>
    <Title>A Web-based semantic tagging and activity recognition system for species' accelerometry data</Title>
    <Publisher>Ecological Informatics</Publisher>
    <Volume>13</Volume>
    <Page>47-56</Page>
    <Date>2013</Date>
  </MyRef>
  <MyRef>
    <Type>Journal</Type>
    <Author>H. Cui</Author>
    <Title>CharaParser for Fine-Grained Semantic Annotation of Organism Morphological Descriptions</Title>
    <Publisher>Journal of the American Society for Information Science and Technology</Publisher>
    <Volume>63</Volume>
    <Number>4</Number>
    <Page>738-754</Page>
    <Date>2012</Date>
  </MyRef>
  <MyRef>
    <Type>Journal</Type>
    <Author>J. Nogueras-Iso, M. A.Latre, R. Bejar, P. R. Muro-Medrano, F. J. Zarazaga-Soria</Author>
    <Title>A model driven approach for the development of metadata editors, applicability to the annotation of geographic information resources</Title>
    <Publisher>Data &amp; Knowledge Engineering</Publisher>
    <Volume>81-82</Volume>
    <Page>118-139</Page>
    <Date>2012</Date>
  </MyRef>
  <MyRef>
    <Type>Conference</Type>
    <Author>羅鳳珠</Author>
    <Title>詩詞語言詞彙切分與語意分類標記之系統設計與應用</Title>
    <Publisher>第四屆數位典藏技術研討會</Publisher>
    <Date>2005</Date>
  </MyRef>
  <MyRef>
    <Type>Conference</Type>
    <Author>羅鳳珠</Author>
    <Title>蘇軾詩典故用語研究</Title>
    <Publisher>第五屆漢語詞彙語意學研討會</Publisher>
    <Date>2004</Date>
    <Location>新加坡</Location>
  </MyRef>
  <MyRef>
    <Type>Conference</Type>
    <Author>羅鳳珠</Author>
    <Title>從蘇軾詩之興觀群怨探討其動植物詞彙語義</Title>
    <Publisher>第八屆漢語詞彙語義學研討會(CLSW2007)</Publisher>
    <Date>2007</Date>
    <Location>香港</Location>
  </MyRef>
  <MyRef>
    <Type>Conference</Type>
    <Author>蘇豐文，傅怡婷，陳書磊，楊世堯，羅鳳珠。</Author>
    <Title>漢語詩的本體知識與語意檢索</Title>
    <Publisher>第一屆文學與資訊研討會</Publisher>
    <Date>2003</Date>
    <Location>台湾</Location>
  </MyRef>
  <MyRef>
    <Type>Journal</Type>
    <Author>羅鳳珠</Author>
    <Title>以語言知識庫為基礎的智慧型作詩填詞輔助系統</Title>
    <Publisher>科學技術與媒體</Publisher>
    <Volume>95</Volume>
    <Page>36-52</Page>
    <Date>2011</Date>
  </MyRef>
  <MyRef>
    <Type>Conference</Type>
    <Author>羅鳳珠，張如瑩，翁維瓏</Author>
    <Title>詩的內容標誌之地理資訊標誌對於詩學研究的意義—以蘇軾東南詩為例</Title>
    <Publisher>PNC會議</Publisher>
    <Date>2001</Date>
    <Location>香港</Location>
  </MyRef>
  <MyRef>
    <Type>Conference</Type>
    <Author>Chu-Ren Huang, Feng-ju Lo, Ru-Yng Chang, Sueming Chang</Author>
    <Title>Reconstructing the Ontology of the Tang Dynasty: A pilot study of the Shakespearean-garden approach</Title>
    <Publisher>4th International Conference on Language Resources and Evaluation (LREC2004)</Publisher>
    <Date>2004</Date>
    <Location>Portugal</Location>
  </MyRef>
  <MyRef>
    <Type>Website</Type>
    <Author>Betty Tseng</Author>
    <Title>English Translation of 320 Tang Poems</Title>
    <Publisher>https://sites.google.com/site/28utscprojects/tang320</Publisher>
    <Date>2011</Date>
  </MyRef>
  <MyRef>
    <Type>Journal</Type>
    <Author>Linda Schamber, Michael B. Eisenberg, Michael S. Nilan</Author>
    <Title>A re-examination of relevance: toward a dynamic, situational definition</Title>
    <Publisher>Information Processing &amp; Management</Publisher>
    <Volume>26</Volume>
    <Number>6</Number>
    <Page>755-776</Page>
    <Date>1990</Date>
  </MyRef>
  <MyRef>
    <Type>Journal</Type>
    <Author>Tianyong Hao, Feifei Xu, Jingsheng Lei, Wenyin Liu, Qing Li</Author>
    <Title>Toward Automatic Answers in User-Interactive Question Answering Systems</Title>
    <Publisher>International Journal of Software Science and Computational Intelligence</Publisher>
    <Volume>3</Volume>
    <Number>4</Number>
    <Page>52-66</Page>
    <Date>2011</Date>
    <Location>IGI publishing</Location>
  </MyRef>
  <MyRef>
    <Type>Website</Type>
    <Author>Wikepedia: Apriori algorithm</Author>
    <Publisher>http://en.wikipedia.org/wiki/Apriori_algorithm</Publisher>
    <Date>2012</Date>
  </MyRef>
  <MyRef>
    <Type>Website</Type>
    <Author>University of Manchester</Author>
    <Title>OWL Validator</Title>
    <Publisher>http://www.mygrid.org.uk/OWL/Validator</Publisher>
  </MyRef>
  <MyRef>
    <Type>Website</Type>
    <Author>Stanford Center for Biomedical Informatics Research</Author>
    <Title>The Protégé Ontology Editor and Knowledge Acquisition System</Title>
    <Publisher>http://protege.stanford.edu/</Publisher>
  </MyRef>
</NewDataSet>